topic,word
Technology,algorithm
Technology,database
Technology,latency
Technology,protocol
Technology,bandwidth
Technology,compiler
Technology,encryption
Technology,framework
Technology,runtime
Technology,scalability
Technology,throughput
Technology,virtualization
Technology,container
Technology,firmware
Technology,middleware
Technology,API
Technology,microservice
Technology,debugging
Technology,refactor
Technology,deployment
Finance,asset
Finance,liability
Finance,equity
Finance,dividend
Finance,yield
Finance,liquidity
Finance,leverage
Finance,volatility
Finance,hedge
Finance,derivative
Finance,portfolio
Finance,valuation
Finance,arbitrage
Finance,spread
Finance,benchmark
Finance,capital
Finance,cashflow
Finance,inflation
Finance,interest
Finance,risk
Economics,supply
Economics,demand
Economics,elasticity
Economics,inflation
Economics,deflation
Economics,GDP
Economics,productivity
Economics,externality
Economics,subsidy
Economics,tariff
Economics,monopoly
Economics,oligopoly
Economics,competition
Economics,utility
Economics,welfare
Economics,equilibrium
Economics,growth
Economics,recession
Economics,cycle
Economics,policy
Law,statute
Law,regulation
Law,jurisdiction
Law,litigation
Law,plaintiff
Law,defendant
Law,contract
Law,tort
Law,liability
Law,precedent
Law,appeal
Law,verdict
Law,sentence
Law,evidence
Law,testimony
Law,injunction
Law,compliance
Law,enforcement
Law,arbitration
Law,mediation
Medicine,diagnosis
Medicine,symptom
Medicine,therapy
Medicine,treatment
Medicine,prognosis
Medicine,pathology
Medicine,anatomy
Medicine,physiology
Medicine,infection
Medicine,inflammation
Medicine,immunity
Medicine,vaccine
Medicine,dosage
Medicine,prescription
Medicine,surgery
Medicine,rehabilitation
Medicine,screening
Medicine,epidemiology
Medicine,chronic
Medicine,acute
Biology,cell
Biology,organism
Biology,gene
Biology,protein
Biology,enzyme
Biology,metabolism
Biology,homeostasis
Biology,evolution
Biology,mutation
Biology,adaptation
Biology,ecosystem
Biology,biodiversity
Biology,photosynthesis
Biology,respiration
Biology,reproduction
Biology,heredity
Biology,chromosome
Biology,phenotype
Biology,genotype
Biology,taxonomy
Chemistry,atom
Chemistry,molecule
Chemistry,compound
Chemistry,reaction
Chemistry,catalyst
Chemistry,acid
Chemistry,base
Chemistry,pH
Chemistry,oxidation
Chemistry,reduction
Chemistry,bond
Chemistry,solution
Chemistry,solvent
Chemistry,solute
Chemistry,concentration
Chemistry,stoichiometry
Chemistry,equilibrium
Chemistry,kinetics
Chemistry,thermodynamics
Chemistry,spectroscopy
Physics,force
Physics,energy
Physics,momentum
Physics,velocity
Physics,acceleration
Physics,mass
Physics,gravity
Physics,electromagnetism
Physics,quantum
Physics,relativity
Physics,wave
Physics,particle
Physics,frequency
Physics,amplitude
Physics,entropy
Physics,thermodynamics
Physics,optics
Physics,mechanics
Physics,nuclear
Physics,cosmology
Mathematics,integer
Mathematics,fraction
Mathematics,variable
Mathematics,equation
Mathematics,function
Mathematics,derivative
Mathematics,integral
Mathematics,matrix
Mathematics,vector
Mathematics,probability
Mathematics,statistics
Mathematics,distribution
Mathematics,variance
Mathematics,theorem
Mathematics,proof
Mathematics,algorithm
Mathematics,optimization
Mathematics,geometry
Mathematics,algebra
Mathematics,calculus
Statistics,sample
Statistics,population
Statistics,mean
Statistics,median
Statistics,mode
Statistics,variance
Statistics,standard deviation
Statistics,correlation
Statistics,regression
Statistics,hypothesis
Statistics,confidence
Statistics,interval
Statistics,p-value
Statistics,bias
Statistics,estimator
Statistics,likelihood
Statistics,distribution
Statistics,normal
Statistics,skewness
Statistics,kurtosis
Machine Learning,feature
Machine Learning,label
Machine Learning,training
Machine Learning,inference
Machine Learning,overfitting
Machine Learning,underfitting
Machine Learning,regularization
Machine Learning,loss
Machine Learning,gradient
Machine Learning,backpropagation
Machine Learning,epoch
Machine Learning,batch
Machine Learning,optimizer
Machine Learning,learning rate
Machine Learning,model
Machine Learning,evaluation
Machine Learning,accuracy
Machine Learning,precision
Machine Learning,recall
Machine Learning,F1
Deep Learning,neuron
Deep Learning,layer
Deep Learning,activation
Deep Learning,ReLU
Deep Learning,sigmoid
Deep Learning,softmax
Deep Learning,CNN
Deep Learning,RNN
Deep Learning,LSTM
Deep Learning,Transformer
Deep Learning,attention
Deep Learning,embedding
Deep Learning,dropout
Deep Learning,batchnorm
Deep Learning,pretraining
Deep Learning,fine-tuning
Deep Learning,parameter
Deep Learning,backpropagation
Deep Learning,GPU
Deep Learning,tensor
Artificial Intelligence,agent
Artificial Intelligence,reasoning
Artificial Intelligence,planning
Artificial Intelligence,search
Artificial Intelligence,heuristic
Artificial Intelligence,knowledge
Artificial Intelligence,representation
Artificial Intelligence,ontology
Artificial Intelligence,inference
Artificial Intelligence,learning
Artificial Intelligence,perception
Artificial Intelligence,decision
Artificial Intelligence,autonomy
Artificial Intelligence,alignment
Artificial Intelligence,ethics
Artificial Intelligence,robustness
Artificial Intelligence,generalization
Artificial Intelligence,simulation
Artificial Intelligence,reward
Artificial Intelligence,policy
Natural Language Processing,tokenization
Natural Language Processing,stemming
Natural Language Processing,lemmatization
Natural Language Processing,embedding
Natural Language Processing,corpus
Natural Language Processing,syntax
Natural Language Processing,semantics
Natural Language Processing,parsing
Natural Language Processing,NER
Natural Language Processing,POS
Natural Language Processing,language model
Natural Language Processing,perplexity
Natural Language Processing,BLEU
Natural Language Processing,ROUGE
Natural Language Processing,retrieval
Natural Language Processing,generation
Natural Language Processing,prompt
Natural Language Processing,context
Natural Language Processing,attention
Natural Language Processing,transformer
Computer Vision,pixel
Computer Vision,resolution
Computer Vision,feature
Computer Vision,edge
Computer Vision,segmentation
Computer Vision,detection
Computer Vision,classification
Computer Vision,bounding box
Computer Vision,mask
Computer Vision,augmentation
Computer Vision,backbone
Computer Vision,preprocessing
Computer Vision,normalization
Computer Vision,optical flow
Computer Vision,stereo
Computer Vision,depth
Computer Vision,pose
Computer Vision,tracking
Computer Vision,annotation
Computer Vision,dataset
Software Engineering,requirements
Software Engineering,design
Software Engineering,architecture
Software Engineering,testing
Software Engineering,unit test
Software Engineering,integration
Software Engineering,CI/CD
Software Engineering,version control
Software Engineering,repository
Software Engineering,branch
Software Engineering,merge
Software Engineering,refactor
Software Engineering,documentation
Software Engineering,bug
Software Engineering,issue
Software Engineering,ticket
Software Engineering,deployment
Software Engineering,maintenance
Software Engineering,scalability
Software Engineering,reliability
Databases,schema
Databases,table
Databases,row
Databases,column
Databases,index
Databases,query
Databases,transaction
Databases,ACID
Databases,consistency
Databases,isolation
Databases,durability
Databases,normalization
Databases,denormalization
Databases,join
Databases,view
Databases,stored procedure
Databases,replication
Databases,sharding
Databases,backup
Databases,restore
Networking,packet
Networking,routing
Networking,switching
Networking,latency
Networking,throughput
Networking,bandwidth
Networking,TCP
Networking,UDP
Networking,IP
Networking,DNS
Networking,HTTP
Networking,HTTPS
Networking,firewall
Networking,NAT
Networking,VPN
Networking,proxy
Networking,load balancer
Networking,QoS
Networking,congestion
Networking,topology
Cybersecurity,threat
Cybersecurity,vulnerability
Cybersecurity,exploit
Cybersecurity,malware
Cybersecurity,phishing
Cybersecurity,ransomware
Cybersecurity,encryption
Cybersecurity,hashing
Cybersecurity,authentication
Cybersecurity,authorization
Cybersecurity,firewall
Cybersecurity,IDS
Cybersecurity,IPS
Cybersecurity,zero-day
Cybersecurity,patch
Cybersecurity,incident
Cybersecurity,forensics
Cybersecurity,compliance
Cybersecurity,risk
Cybersecurity,mitigation
Cloud Computing,instance
Cloud Computing,container
Cloud Computing,serverless
Cloud Computing,scaling
Cloud Computing,availability
Cloud Computing,region
Cloud Computing,zone
Cloud Computing,load balancing
Cloud Computing,autoscaling
Cloud Computing,storage
Cloud Computing,object
Cloud Computing,block
Cloud Computing,snapshot
Cloud Computing,backup
Cloud Computing,orchestration
Cloud Computing,Kubernetes
Cloud Computing,IAM
Cloud Computing,monitoring
Cloud Computing,logging
Cloud Computing,billing
Marketing,analysis
Marketing,process
Marketing,system
Marketing,method
Marketing,strategy
Marketing,framework
Marketing,model
Marketing,data
Marketing,performance
Marketing,optimization
Marketing,evaluation
Marketing,implementation
Marketing,development
Marketing,operation
Marketing,control
Marketing,monitoring
Marketing,integration
Marketing,automation
Marketing,innovation
Marketing,quality
Sales,analysis
Sales,process
Sales,system
Sales,method
Sales,strategy
Sales,framework
Sales,model
Sales,data
Sales,performance
Sales,optimization
Sales,evaluation
Sales,implementation
Sales,development
Sales,operation
Sales,control
Sales,monitoring
Sales,integration
Sales,automation
Sales,innovation
Sales,quality
Management,analysis
Management,process
Management,system
Management,method
Management,strategy
Management,framework
Management,model
Management,data
Management,performance
Management,optimization
Management,evaluation
Management,implementation
Management,development
Management,operation
Management,control
Management,monitoring
Management,integration
Management,automation
Management,innovation
Management,quality
Leadership,analysis
Leadership,process
Leadership,system
Leadership,method
Leadership,strategy
Leadership,framework
Leadership,model
Leadership,data
Leadership,performance
Leadership,optimization
Leadership,evaluation
Leadership,implementation
Leadership,development
Leadership,operation
Leadership,control
Leadership,monitoring
Leadership,integration
Leadership,automation
Leadership,innovation
Leadership,quality
Entrepreneurship,analysis
Entrepreneurship,process
Entrepreneurship,system
Entrepreneurship,method
Entrepreneurship,strategy
Entrepreneurship,framework
Entrepreneurship,model
Entrepreneurship,data
Entrepreneurship,performance
Entrepreneurship,optimization
Entrepreneurship,evaluation
Entrepreneurship,implementation
Entrepreneurship,development
Entrepreneurship,operation
Entrepreneurship,control
Entrepreneurship,monitoring
Entrepreneurship,integration
Entrepreneurship,automation
Entrepreneurship,innovation
Entrepreneurship,quality
Accounting,analysis
Accounting,process
Accounting,system
Accounting,method
Accounting,strategy
Accounting,framework
Accounting,model
Accounting,data
Accounting,performance
Accounting,optimization
Accounting,evaluation
Accounting,implementation
Accounting,development
Accounting,operation
Accounting,control
Accounting,monitoring
Accounting,integration
Accounting,automation
Accounting,innovation
Accounting,quality
Auditing,analysis
Auditing,process
Auditing,system
Auditing,method
Auditing,strategy
Auditing,framework
Auditing,model
Auditing,data
Auditing,performance
Auditing,optimization
Auditing,evaluation
Auditing,implementation
Auditing,development
Auditing,operation
Auditing,control
Auditing,monitoring
Auditing,integration
Auditing,automation
Auditing,innovation
Auditing,quality
Taxation,analysis
Taxation,process
Taxation,system
Taxation,method
Taxation,strategy
Taxation,framework
Taxation,model
Taxation,data
Taxation,performance
Taxation,optimization
Taxation,evaluation
Taxation,implementation
Taxation,development
Taxation,operation
Taxation,control
Taxation,monitoring
Taxation,integration
Taxation,automation
Taxation,innovation
Taxation,quality
Banking,analysis
Banking,process
Banking,system
Banking,method
Banking,strategy
Banking,framework
Banking,model
Banking,data
Banking,performance
Banking,optimization
Banking,evaluation
Banking,implementation
Banking,development
Banking,operation
Banking,control
Banking,monitoring
Banking,integration
Banking,automation
Banking,innovation
Banking,quality
Insurance,analysis
Insurance,process
Insurance,system
Insurance,method
Insurance,strategy
Insurance,framework
Insurance,model
Insurance,data
Insurance,performance
Insurance,optimization
Insurance,evaluation
Insurance,implementation
Insurance,development
Insurance,operation
Insurance,control
Insurance,monitoring
Insurance,integration
Insurance,automation
Insurance,innovation
Insurance,quality
Real Estate,analysis
Real Estate,process
Real Estate,system
Real Estate,method
Real Estate,strategy
Real Estate,framework
Real Estate,model
Real Estate,data
Real Estate,performance
Real Estate,optimization
Real Estate,evaluation
Real Estate,implementation
Real Estate,development
Real Estate,operation
Real Estate,control
Real Estate,monitoring
Real Estate,integration
Real Estate,automation
Real Estate,innovation
Real Estate,quality
Supply Chain,analysis
Supply Chain,process
Supply Chain,system
Supply Chain,method
Supply Chain,strategy
Supply Chain,framework
Supply Chain,model
Supply Chain,data
Supply Chain,performance
Supply Chain,optimization
Supply Chain,evaluation
Supply Chain,implementation
Supply Chain,development
Supply Chain,operation
Supply Chain,control
Supply Chain,monitoring
Supply Chain,integration
Supply Chain,automation
Supply Chain,innovation
Supply Chain,quality
Logistics,analysis
Logistics,process
Logistics,system
Logistics,method
Logistics,strategy
Logistics,framework
Logistics,model
Logistics,data
Logistics,performance
Logistics,optimization
Logistics,evaluation
Logistics,implementation
Logistics,development
Logistics,operation
Logistics,control
Logistics,monitoring
Logistics,integration
Logistics,automation
Logistics,innovation
Logistics,quality
Operations,analysis
Operations,process
Operations,system
Operations,method
Operations,strategy
Operations,framework
Operations,model
Operations,data
Operations,performance
Operations,optimization
Operations,evaluation
Operations,implementation
Operations,development
Operations,operation
Operations,control
Operations,monitoring
Operations,integration
Operations,automation
Operations,innovation
Operations,quality
Manufacturing,analysis
Manufacturing,process
Manufacturing,system
Manufacturing,method
Manufacturing,strategy
Manufacturing,framework
Manufacturing,model
Manufacturing,data
Manufacturing,performance
Manufacturing,optimization
Manufacturing,evaluation
Manufacturing,implementation
Manufacturing,development
Manufacturing,operation
Manufacturing,control
Manufacturing,monitoring
Manufacturing,integration
Manufacturing,automation
Manufacturing,innovation
Manufacturing,quality
Quality,analysis
Quality,process
Quality,system
Quality,method
Quality,strategy
Quality,framework
Quality,model
Quality,data
Quality,performance
Quality,optimization
Quality,evaluation
Quality,implementation
Quality,development
Quality,operation
Quality,control
Quality,monitoring
Quality,integration
Quality,automation
Quality,innovation
Quality,quality
Six Sigma,analysis
Six Sigma,process
Six Sigma,system
Six Sigma,method
Six Sigma,strategy
Six Sigma,framework
Six Sigma,model
Six Sigma,data
Six Sigma,performance
Six Sigma,optimization
Six Sigma,evaluation
Six Sigma,implementation
Six Sigma,development
Six Sigma,operation
Six Sigma,control
Six Sigma,monitoring
Six Sigma,integration
Six Sigma,automation
Six Sigma,innovation
Six Sigma,quality
Lean,analysis
Lean,process
Lean,system
Lean,method
Lean,strategy
Lean,framework
Lean,model
Lean,data
Lean,performance
Lean,optimization
Lean,evaluation
Lean,implementation
Lean,development
Lean,operation
Lean,control
Lean,monitoring
Lean,integration
Lean,automation
Lean,innovation
Lean,quality
Project Management,analysis
Project Management,process
Project Management,system
Project Management,method
Project Management,strategy
Project Management,framework
Project Management,model
Project Management,data
Project Management,performance
Project Management,optimization
Project Management,evaluation
Project Management,implementation
Project Management,development
Project Management,operation
Project Management,control
Project Management,monitoring
Project Management,integration
Project Management,automation
Project Management,innovation
Project Management,quality
Agile,analysis
Agile,process
Agile,system
Agile,method
Agile,strategy
Agile,framework
Agile,model
Agile,data
Agile,performance
Agile,optimization
Agile,evaluation
Agile,implementation
Agile,development
Agile,operation
Agile,control
Agile,monitoring
Agile,integration
Agile,automation
Agile,innovation
Agile,quality
Scrum,analysis
Scrum,process
Scrum,system
Scrum,method
Scrum,strategy
Scrum,framework
Scrum,model
Scrum,data
Scrum,performance
Scrum,optimization
Scrum,evaluation
Scrum,implementation
Scrum,development
Scrum,operation
Scrum,control
Scrum,monitoring
Scrum,integration
Scrum,automation
Scrum,innovation
Scrum,quality
HR,analysis
HR,process
HR,system
HR,method
HR,strategy
HR,framework
HR,model
HR,data
HR,performance
HR,optimization
HR,evaluation
HR,implementation
HR,development
HR,operation
HR,control
HR,monitoring
HR,integration
HR,automation
HR,innovation
HR,quality
Recruitment,analysis
Recruitment,process
Recruitment,system
Recruitment,method
Recruitment,strategy
Recruitment,framework
Recruitment,model
Recruitment,data
Recruitment,performance
Recruitment,optimization
Recruitment,evaluation
Recruitment,implementation
Recruitment,development
Recruitment,operation
Recruitment,control
Recruitment,monitoring
Recruitment,integration
Recruitment,automation
Recruitment,innovation
Recruitment,quality
Training,analysis
Training,process
Training,system
Training,method
Training,strategy
Training,framework
Training,model
Training,data
Training,performance
Training,optimization
Training,evaluation
Training,implementation
Training,development
Training,operation
Training,control
Training,monitoring
Training,integration
Training,automation
Training,innovation
Training,quality
Psychology,analysis
Psychology,process
Psychology,system
Psychology,method
Psychology,strategy
Psychology,framework
Psychology,model
Psychology,data
Psychology,performance
Psychology,optimization
Psychology,evaluation
Psychology,implementation
Psychology,development
Psychology,operation
Psychology,control
Psychology,monitoring
Psychology,integration
Psychology,automation
Psychology,innovation
Psychology,quality
Cognition,analysis
Cognition,process
Cognition,system
Cognition,method
Cognition,strategy
Cognition,framework
Cognition,model
Cognition,data
Cognition,performance
Cognition,optimization
Cognition,evaluation
Cognition,implementation
Cognition,development
Cognition,operation
Cognition,control
Cognition,monitoring
Cognition,integration
Cognition,automation
Cognition,innovation
Cognition,quality
Behavior,analysis
Behavior,process
Behavior,system
Behavior,method
Behavior,strategy
Behavior,framework
Behavior,model
Behavior,data
Behavior,performance
Behavior,optimization
Behavior,evaluation
Behavior,implementation
Behavior,development
Behavior,operation
Behavior,control
Behavior,monitoring
Behavior,integration
Behavior,automation
Behavior,innovation
Behavior,quality
Neuroscience,analysis
Neuroscience,process
Neuroscience,system
Neuroscience,method
Neuroscience,strategy
Neuroscience,framework
Neuroscience,model
Neuroscience,data
Neuroscience,performance
Neuroscience,optimization
Neuroscience,evaluation
Neuroscience,implementation
Neuroscience,development
Neuroscience,operation
Neuroscience,control
Neuroscience,monitoring
Neuroscience,integration
Neuroscience,automation
Neuroscience,innovation
Neuroscience,quality
Sociology,analysis
Sociology,process
Sociology,system
Sociology,method
Sociology,strategy
Sociology,framework
Sociology,model
Sociology,data
Sociology,performance
Sociology,optimization
Sociology,evaluation
Sociology,implementation
Sociology,development
Sociology,operation
Sociology,control
Sociology,monitoring
Sociology,integration
Sociology,automation
Sociology,innovation
Sociology,quality
Anthropology,analysis
Anthropology,process
Anthropology,system
Anthropology,method
Anthropology,strategy
Anthropology,framework
Anthropology,model
Anthropology,data
Anthropology,performance
Anthropology,optimization
Anthropology,evaluation
Anthropology,implementation
Anthropology,development
Anthropology,operation
Anthropology,control
Anthropology,monitoring
Anthropology,integration
Anthropology,automation
Anthropology,innovation
Anthropology,quality
Philosophy,analysis
Philosophy,process
Philosophy,system
Philosophy,method
Philosophy,strategy
Philosophy,framework
Philosophy,model
Philosophy,data
Philosophy,performance
Philosophy,optimization
Philosophy,evaluation
Philosophy,implementation
Philosophy,development
Philosophy,operation
Philosophy,control
Philosophy,monitoring
Philosophy,integration
Philosophy,automation
Philosophy,innovation
Philosophy,quality
Ethics,analysis
Ethics,process
Ethics,system
Ethics,method
Ethics,strategy
Ethics,framework
Ethics,model
Ethics,data
Ethics,performance
Ethics,optimization
Ethics,evaluation
Ethics,implementation
Ethics,development
Ethics,operation
Ethics,control
Ethics,monitoring
Ethics,integration
Ethics,automation
Ethics,innovation
Ethics,quality
Politics,analysis
Politics,process
Politics,system
Politics,method
Politics,strategy
Politics,framework
Politics,model
Politics,data
Politics,performance
Politics,optimization
Politics,evaluation
Politics,implementation
Politics,development
Politics,operation
Politics,control
Politics,monitoring
Politics,integration
Politics,automation
Politics,innovation
Politics,quality
Public Policy,analysis
Public Policy,process
Public Policy,system
Public Policy,method
Public Policy,strategy
Public Policy,framework
Public Policy,model
Public Policy,data
Public Policy,performance
Public Policy,optimization
Public Policy,evaluation
Public Policy,implementation
Public Policy,development
Public Policy,operation
Public Policy,control
Public Policy,monitoring
Public Policy,integration
Public Policy,automation
Public Policy,innovation
Public Policy,quality
International Relations,analysis
International Relations,process
International Relations,system
International Relations,method
International Relations,strategy
International Relations,framework
International Relations,model
International Relations,data
International Relations,performance
International Relations,optimization
International Relations,evaluation
International Relations,implementation
International Relations,development
International Relations,operation
International Relations,control
International Relations,monitoring
International Relations,integration
International Relations,automation
International Relations,innovation
International Relations,quality
Geopolitics,analysis
Geopolitics,process
Geopolitics,system
Geopolitics,method
Geopolitics,strategy
Geopolitics,framework
Geopolitics,model
Geopolitics,data
Geopolitics,performance
Geopolitics,optimization
Geopolitics,evaluation
Geopolitics,implementation
Geopolitics,development
Geopolitics,operation
Geopolitics,control
Geopolitics,monitoring
Geopolitics,integration
Geopolitics,automation
Geopolitics,innovation
Geopolitics,quality
History,analysis
History,process
History,system
History,method
History,strategy
History,framework
History,model
History,data
History,performance
History,optimization
History,evaluation
History,implementation
History,development
History,operation
History,control
History,monitoring
History,integration
History,automation
History,innovation
History,quality
Archaeology,analysis
Archaeology,process
Archaeology,system
Archaeology,method
Archaeology,strategy
Archaeology,framework
Archaeology,model
Archaeology,data
Archaeology,performance
Archaeology,optimization
Archaeology,evaluation
Archaeology,implementation
Archaeology,development
Archaeology,operation
Archaeology,control
Archaeology,monitoring
Archaeology,integration
Archaeology,automation
Archaeology,innovation
Archaeology,quality
Geography,analysis
Geography,process
Geography,system
Geography,method
Geography,strategy
Geography,framework
Geography,model
Geography,data
Geography,performance
Geography,optimization
Geography,evaluation
Geography,implementation
Geography,development
Geography,operation
Geography,control
Geography,monitoring
Geography,integration
Geography,automation
Geography,innovation
Geography,quality
Urban Planning,analysis
Urban Planning,process
Urban Planning,system
Urban Planning,method
Urban Planning,strategy
Urban Planning,framework
Urban Planning,model
Urban Planning,data
Urban Planning,performance
Urban Planning,optimization
Urban Planning,evaluation
Urban Planning,implementation
Urban Planning,development
Urban Planning,operation
Urban Planning,control
Urban Planning,monitoring
Urban Planning,integration
Urban Planning,automation
Urban Planning,innovation
Urban Planning,quality
Environment,analysis
Environment,process
Environment,system
Environment,method
Environment,strategy
Environment,framework
Environment,model
Environment,data
Environment,performance
Environment,optimization
Environment,evaluation
Environment,implementation
Environment,development
Environment,operation
Environment,control
Environment,monitoring
Environment,integration
Environment,automation
Environment,innovation
Environment,quality
Climate,analysis
Climate,process
Climate,system
Climate,method
Climate,strategy
Climate,framework
Climate,model
Climate,data
Climate,performance
Climate,optimization
Climate,evaluation
Climate,implementation
Climate,development
Climate,operation
Climate,control
Climate,monitoring
Climate,integration
Climate,automation
Climate,innovation
Climate,quality
Sustainability,analysis
Sustainability,process
Sustainability,system
Sustainability,method
Sustainability,strategy
Sustainability,framework
Sustainability,model
Sustainability,data
Sustainability,performance
Sustainability,optimization
Sustainability,evaluation
Sustainability,implementation
Sustainability,development
Sustainability,operation
Sustainability,control
Sustainability,monitoring
Sustainability,integration
Sustainability,automation
Sustainability,innovation
Sustainability,quality
Energy,analysis
Energy,process
Energy,system
Energy,method
Energy,strategy
Energy,framework
Energy,model
Energy,data
Energy,performance
Energy,optimization
Energy,evaluation
Energy,implementation
Energy,development
Energy,operation
Energy,control
Energy,monitoring
Energy,integration
Energy,automation
Energy,innovation
Energy,quality
Renewables,analysis
Renewables,process
Renewables,system
Renewables,method
Renewables,strategy
Renewables,framework
Renewables,model
Renewables,data
Renewables,performance
Renewables,optimization
Renewables,evaluation
Renewables,implementation
Renewables,development
Renewables,operation
Renewables,control
Renewables,monitoring
Renewables,integration
Renewables,automation
Renewables,innovation
Renewables,quality
Oil and Gas,analysis
Oil and Gas,process
Oil and Gas,system
Oil and Gas,method
Oil and Gas,strategy
Oil and Gas,framework
Oil and Gas,model
Oil and Gas,data
Oil and Gas,performance
Oil and Gas,optimization
Oil and Gas,evaluation
Oil and Gas,implementation
Oil and Gas,development
Oil and Gas,operation
Oil and Gas,control
Oil and Gas,monitoring
Oil and Gas,integration
Oil and Gas,automation
Oil and Gas,innovation
Oil and Gas,quality
Mining,analysis
Mining,process
Mining,system
Mining,method
Mining,strategy
Mining,framework
Mining,model
Mining,data
Mining,performance
Mining,optimization
Mining,evaluation
Mining,implementation
Mining,development
Mining,operation
Mining,control
Mining,monitoring
Mining,integration
Mining,automation
Mining,innovation
Mining,quality
Agriculture,analysis
Agriculture,process
Agriculture,system
Agriculture,method
Agriculture,strategy
Agriculture,framework
Agriculture,model
Agriculture,data
Agriculture,performance
Agriculture,optimization
Agriculture,evaluation
Agriculture,implementation
Agriculture,development
Agriculture,operation
Agriculture,control
Agriculture,monitoring
Agriculture,integration
Agriculture,automation
Agriculture,innovation
Agriculture,quality
Forestry,analysis
Forestry,process
Forestry,system
Forestry,method
Forestry,strategy
Forestry,framework
Forestry,model
Forestry,data
Forestry,performance
Forestry,optimization
Forestry,evaluation
Forestry,implementation
Forestry,development
Forestry,operation
Forestry,control
Forestry,monitoring
Forestry,integration
Forestry,automation
Forestry,innovation
Forestry,quality
Fisheries,analysis
Fisheries,process
Fisheries,system
Fisheries,method
Fisheries,strategy
Fisheries,framework
Fisheries,model
Fisheries,data
Fisheries,performance
Fisheries,optimization
Fisheries,evaluation
Fisheries,implementation
Fisheries,development
Fisheries,operation
Fisheries,control
Fisheries,monitoring
Fisheries,integration
Fisheries,automation
Fisheries,innovation
Fisheries,quality
Food Science,analysis
Food Science,process
Food Science,system
Food Science,method
Food Science,strategy
Food Science,framework
Food Science,model
Food Science,data
Food Science,performance
Food Science,optimization
Food Science,evaluation
Food Science,implementation
Food Science,development
Food Science,operation
Food Science,control
Food Science,monitoring
Food Science,integration
Food Science,automation
Food Science,innovation
Food Science,quality
Nutrition,analysis
Nutrition,process
Nutrition,system
Nutrition,method
Nutrition,strategy
Nutrition,framework
Nutrition,model
Nutrition,data
Nutrition,performance
Nutrition,optimization
Nutrition,evaluation
Nutrition,implementation
Nutrition,development
Nutrition,operation
Nutrition,control
Nutrition,monitoring
Nutrition,integration
Nutrition,automation
Nutrition,innovation
Nutrition,quality
Sports Science,analysis
Sports Science,process
Sports Science,system
Sports Science,method
Sports Science,strategy
Sports Science,framework
Sports Science,model
Sports Science,data
Sports Science,performance
Sports Science,optimization
Sports Science,evaluation
Sports Science,implementation
Sports Science,development
Sports Science,operation
Sports Science,control
Sports Science,monitoring
Sports Science,integration
Sports Science,automation
Sports Science,innovation
Sports Science,quality
Fitness,analysis
Fitness,process
Fitness,system
Fitness,method
Fitness,strategy
Fitness,framework
Fitness,model
Fitness,data
Fitness,performance
Fitness,optimization
Fitness,evaluation
Fitness,implementation
Fitness,development
Fitness,operation
Fitness,control
Fitness,monitoring
Fitness,integration
Fitness,automation
Fitness,innovation
Fitness,quality
Medicine - Cardiology,analysis
Medicine - Cardiology,process
Medicine - Cardiology,system
Medicine - Cardiology,method
Medicine - Cardiology,strategy
Medicine - Cardiology,framework
Medicine - Cardiology,model
Medicine - Cardiology,data
Medicine - Cardiology,performance
Medicine - Cardiology,optimization
Medicine - Cardiology,evaluation
Medicine - Cardiology,implementation
Medicine - Cardiology,development
Medicine - Cardiology,operation
Medicine - Cardiology,control
Medicine - Cardiology,monitoring
Medicine - Cardiology,integration
Medicine - Cardiology,automation
Medicine - Cardiology,innovation
Medicine - Cardiology,quality
Medicine - Neurology,analysis
Medicine - Neurology,process
Medicine - Neurology,system
Medicine - Neurology,method
Medicine - Neurology,strategy
Medicine - Neurology,framework
Medicine - Neurology,model
Medicine - Neurology,data
Medicine - Neurology,performance
Medicine - Neurology,optimization
Medicine - Neurology,evaluation
Medicine - Neurology,implementation
Medicine - Neurology,development
Medicine - Neurology,operation
Medicine - Neurology,control
Medicine - Neurology,monitoring
Medicine - Neurology,integration
Medicine - Neurology,automation
Medicine - Neurology,innovation
Medicine - Neurology,quality
Medicine - Oncology,analysis
Medicine - Oncology,process
Medicine - Oncology,system
Medicine - Oncology,method
Medicine - Oncology,strategy
Medicine - Oncology,framework
Medicine - Oncology,model
Medicine - Oncology,data
Medicine - Oncology,performance
Medicine - Oncology,optimization
Medicine - Oncology,evaluation
Medicine - Oncology,implementation
Medicine - Oncology,development
Medicine - Oncology,operation
Medicine - Oncology,control
Medicine - Oncology,monitoring
Medicine - Oncology,integration
Medicine - Oncology,automation
Medicine - Oncology,innovation
Medicine - Oncology,quality
Pharmacology,analysis
Pharmacology,process
Pharmacology,system
Pharmacology,method
Pharmacology,strategy
Pharmacology,framework
Pharmacology,model
Pharmacology,data
Pharmacology,performance
Pharmacology,optimization
Pharmacology,evaluation
Pharmacology,implementation
Pharmacology,development
Pharmacology,operation
Pharmacology,control
Pharmacology,monitoring
Pharmacology,integration
Pharmacology,automation
Pharmacology,innovation
Pharmacology,quality
Nursing,analysis
Nursing,process
Nursing,system
Nursing,method
Nursing,strategy
Nursing,framework
Nursing,model
Nursing,data
Nursing,performance
Nursing,optimization
Nursing,evaluation
Nursing,implementation
Nursing,development
Nursing,operation
Nursing,control
Nursing,monitoring
Nursing,integration
Nursing,automation
Nursing,innovation
Nursing,quality
Public Health,analysis
Public Health,process
Public Health,system
Public Health,method
Public Health,strategy
Public Health,framework
Public Health,model
Public Health,data
Public Health,performance
Public Health,optimization
Public Health,evaluation
Public Health,implementation
Public Health,development
Public Health,operation
Public Health,control
Public Health,monitoring
Public Health,integration
Public Health,automation
Public Health,innovation
Public Health,quality
Education,analysis
Education,process
Education,system
Education,method
Education,strategy
Education,framework
Education,model
Education,data
Education,performance
Education,optimization
Education,evaluation
Education,implementation
Education,development
Education,operation
Education,control
Education,monitoring
Education,integration
Education,automation
Education,innovation
Education,quality
Pedagogy,analysis
Pedagogy,process
Pedagogy,system
Pedagogy,method
Pedagogy,strategy
Pedagogy,framework
Pedagogy,model
Pedagogy,data
Pedagogy,performance
Pedagogy,optimization
Pedagogy,evaluation
Pedagogy,implementation
Pedagogy,development
Pedagogy,operation
Pedagogy,control
Pedagogy,monitoring
Pedagogy,integration
Pedagogy,automation
Pedagogy,innovation
Pedagogy,quality
Curriculum,analysis
Curriculum,process
Curriculum,system
Curriculum,method
Curriculum,strategy
Curriculum,framework
Curriculum,model
Curriculum,data
Curriculum,performance
Curriculum,optimization
Curriculum,evaluation
Curriculum,implementation
Curriculum,development
Curriculum,operation
Curriculum,control
Curriculum,monitoring
Curriculum,integration
Curriculum,automation
Curriculum,innovation
Curriculum,quality
Assessment,analysis
Assessment,process
Assessment,system
Assessment,method
Assessment,strategy
Assessment,framework
Assessment,model
Assessment,data
Assessment,performance
Assessment,optimization
Assessment,evaluation
Assessment,implementation
Assessment,development
Assessment,operation
Assessment,control
Assessment,monitoring
Assessment,integration
Assessment,automation
Assessment,innovation
Assessment,quality
E-learning,analysis
E-learning,process
E-learning,system
E-learning,method
E-learning,strategy
E-learning,framework
E-learning,model
E-learning,data
E-learning,performance
E-learning,optimization
E-learning,evaluation
E-learning,implementation
E-learning,development
E-learning,operation
E-learning,control
E-learning,monitoring
E-learning,integration
E-learning,automation
E-learning,innovation
E-learning,quality
Linguistics,analysis
Linguistics,process
Linguistics,system
Linguistics,method
Linguistics,strategy
Linguistics,framework
Linguistics,model
Linguistics,data
Linguistics,performance
Linguistics,optimization
Linguistics,evaluation
Linguistics,implementation
Linguistics,development
Linguistics,operation
Linguistics,control
Linguistics,monitoring
Linguistics,integration
Linguistics,automation
Linguistics,innovation
Linguistics,quality
Phonetics,analysis
Phonetics,process
Phonetics,system
Phonetics,method
Phonetics,strategy
Phonetics,framework
Phonetics,model
Phonetics,data
Phonetics,performance
Phonetics,optimization
Phonetics,evaluation
Phonetics,implementation
Phonetics,development
Phonetics,operation
Phonetics,control
Phonetics,monitoring
Phonetics,integration
Phonetics,automation
Phonetics,innovation
Phonetics,quality
Pragmatics,analysis
Pragmatics,process
Pragmatics,system
Pragmatics,method
Pragmatics,strategy
Pragmatics,framework
Pragmatics,model
Pragmatics,data
Pragmatics,performance
Pragmatics,optimization
Pragmatics,evaluation
Pragmatics,implementation
Pragmatics,development
Pragmatics,operation
Pragmatics,control
Pragmatics,monitoring
Pragmatics,integration
Pragmatics,automation
Pragmatics,innovation
Pragmatics,quality
Translation,analysis
Translation,process
Translation,system
Translation,method
Translation,strategy
Translation,framework
Translation,model
Translation,data
Translation,performance
Translation,optimization
Translation,evaluation
Translation,implementation
Translation,development
Translation,operation
Translation,control
Translation,monitoring
Translation,integration
Translation,automation
Translation,innovation
Translation,quality
Interpretation,analysis
Interpretation,process
Interpretation,system
Interpretation,method
Interpretation,strategy
Interpretation,framework
Interpretation,model
Interpretation,data
Interpretation,performance
Interpretation,optimization
Interpretation,evaluation
Interpretation,implementation
Interpretation,development
Interpretation,operation
Interpretation,control
Interpretation,monitoring
Interpretation,integration
Interpretation,automation
Interpretation,innovation
Interpretation,quality
Journalism,analysis
Journalism,process
Journalism,system
Journalism,method
Journalism,strategy
Journalism,framework
Journalism,model
Journalism,data
Journalism,performance
Journalism,optimization
Journalism,evaluation
Journalism,implementation
Journalism,development
Journalism,operation
Journalism,control
Journalism,monitoring
Journalism,integration
Journalism,automation
Journalism,innovation
Journalism,quality
Media,analysis
Media,process
Media,system
Media,method
Media,strategy
Media,framework
Media,model
Media,data
Media,performance
Media,optimization
Media,evaluation
Media,implementation
Media,development
Media,operation
Media,control
Media,monitoring
Media,integration
Media,automation
Media,innovation
Media,quality
Communication,analysis
Communication,process
Communication,system
Communication,method
Communication,strategy
Communication,framework
Communication,model
Communication,data
Communication,performance
Communication,optimization
Communication,evaluation
Communication,implementation
Communication,development
Communication,operation
Communication,control
Communication,monitoring
Communication,integration
Communication,automation
Communication,innovation
Communication,quality
Advertising,analysis
Advertising,process
Advertising,system
Advertising,method
Advertising,strategy
Advertising,framework
Advertising,model
Advertising,data
Advertising,performance
Advertising,optimization
Advertising,evaluation
Advertising,implementation
Advertising,development
Advertising,operation
Advertising,control
Advertising,monitoring
Advertising,integration
Advertising,automation
Advertising,innovation
Advertising,quality
PR,analysis
PR,process
PR,system
PR,method
PR,strategy
PR,framework
PR,model
PR,data
PR,performance
PR,optimization
PR,evaluation
PR,implementation
PR,development
PR,operation
PR,control
PR,monitoring
PR,integration
PR,automation
PR,innovation
PR,quality
Design,analysis
Design,process
Design,system
Design,method
Design,strategy
Design,framework
Design,model
Design,data
Design,performance
Design,optimization
Design,evaluation
Design,implementation
Design,development
Design,operation
Design,control
Design,monitoring
Design,integration
Design,automation
Design,innovation
Design,quality
UX,analysis
UX,process
UX,system
UX,method
UX,strategy
UX,framework
UX,model
UX,data
UX,performance
UX,optimization
UX,evaluation
UX,implementation
UX,development
UX,operation
UX,control
UX,monitoring
UX,integration
UX,automation
UX,innovation
UX,quality
UI,analysis
UI,process
UI,system
UI,method
UI,strategy
UI,framework
UI,model
UI,data
UI,performance
UI,optimization
UI,evaluation
UI,implementation
UI,development
UI,operation
UI,control
UI,monitoring
UI,integration
UI,automation
UI,innovation
UI,quality
Graphic Design,analysis
Graphic Design,process
Graphic Design,system
Graphic Design,method
Graphic Design,strategy
Graphic Design,framework
Graphic Design,model
Graphic Design,data
Graphic Design,performance
Graphic Design,optimization
Graphic Design,evaluation
Graphic Design,implementation
Graphic Design,development
Graphic Design,operation
Graphic Design,control
Graphic Design,monitoring
Graphic Design,integration
Graphic Design,automation
Graphic Design,innovation
Graphic Design,quality
Industrial Design,analysis
Industrial Design,process
Industrial Design,system
Industrial Design,method
Industrial Design,strategy
Industrial Design,framework
Industrial Design,model
Industrial Design,data
Industrial Design,performance
Industrial Design,optimization
Industrial Design,evaluation
Industrial Design,implementation
Industrial Design,development
Industrial Design,operation
Industrial Design,control
Industrial Design,monitoring
Industrial Design,integration
Industrial Design,automation
Industrial Design,innovation
Industrial Design,quality
